step,t,uav_x,uav_y,uav_z,uav_vx,uav_vy,uav_vz,dyn_x,dyn_y,dyn_z,stat_x,stat_y,stat_z,d_min,rpz,rpf,target_x,target_y,target_z
0,0.000000,-1.982188,-1.983969,1.007125,0.178118,0.160306,0.071247,-1.500000,1.500000,2.500000,3.500000,-1.000000,2.000000,3.820893,1.000000,1.500000,3.000000,2.500000,3.000000
1,0.100000,-1.967437,-1.981656,1.010364,0.147516,0.023136,0.032394,-1.490000,1.488000,2.500000,3.500000,-1.000000,2.000000,3.805978,1.000000,1.500000,3.000000,2.500000,3.000000
2,0.200000,-1.949645,-1.965604,1.017490,0.177919,0.160520,0.071263,-1.480000,1.476000,2.500000,3.500000,-1.000000,2.000000,3.776644,1.000000,1.500000,3.000000,2.500000,3.000000
3,0.300000,-1.934908,-1.963263,1.020735,0.147364,0.023409,0.032446,-1.470000,1.464000,2.500000,3.500000,-1.000000,2.000000,3.761714,1.000000,1.500000,3.000000,2.500000,3.000000
4,0.400000,-1.917136,-1.947190,1.027863,0.177719,0.160734,0.071279,-1.460000,1.452000,2.500000,3.500000,-1.000000,2.000000,3.732379,1.000000,1.500000,3.000000,2.500000,3.000000
5,0.500000,-1.902415,-1.944821,1.031113,0.147211,0.023682,0.032498,-1.450000,1.440000,2.500000,3.500000,-1.000000,2.000000,3.717435,1.000000,1.500000,3.000000,2.500000,3.000000
6,0.600000,-1.884664,-1.928726,1.038242,0.177518,0.160949,0.071294,-1.440000,1.428000,2.500000,3.500000,-1.000000,2.000000,3.688099,1.000000,1.500000,3.000000,2.500000,3.000000
7,0.700000,-1.869958,-1.926331,1.041497,0.147058,0.023956,0.032549,-1.430000,1.416000,2.500000,3.500000,-1.000000,2.000000,3.673142,1.000000,1.500000,3.000000,2.500000,3.000000
8,0.800000,-1.852226,-1.910214,1.048628,0.177316,0.161164,0.071310,-1.420000,1.404000,2.500000,3.500000,-1.000000,2.000000,3.643805,1.000000,1.500000,3.000000,2.500000,3.000000
9,0.900000,-1.837536,-1.907792,1.051888,0.146904,0.024229,0.032601,-1.410000,1.392000,2.500000,3.500000,-1.000000,2.000000,3.628834,1.000000,1.500000,3.000000,2.500000,3.000000
10,1.000000,-1.819824,-1.891654,1.059020,0.177114,0.161380,0.071325,-1.400000,1.380000,2.500000,3.500000,-1.000000,2.000000,3.599499,1.000000,1.500000,3.000000,2.500000,3.000000
11,1.100000,-1.805149,-1.889203,1.062286,0.146751,0.024503,0.032652,-1.390000,1.368000,2.500000,3.500000,-1.000000,2.000000,3.584515,1.000000,1.500000,3.000000,2.500000,3.000000
12,1.200000,-1.787458,-1.873044,1.069420,0.176910,0.161596,0.071340,-1.380000,1.356000,2.500000,3.500000,-1.000000,2.000000,3.555180,1.000000,1.500000,3.000000,2.500000,3.000000
13,1.300000,-1.772767,-1.870606,1.072686,0.146907,0.024374,0.032662,-1.370000,1.344000,2.500000,3.500000,-1.000000,2.000000,3.540218,1.000000,1.500000,3.000000,2.500000,3.000000
14,1.400000,-1.755097,-1.854425,1.079821,0.176704,0.161815,0.071356,-1.360000,1.332000,2.500000,3.500000,-1.000000,2.000000,3.510885,1.000000,1.500000,3.000000,2.500000,3.000000
15,1.500000,-1.740422,-1.851959,1.083093,0.146751,0.024654,0.032714,-1.350000,1.320000,2.500000,3.500000,-1.000000,2.000000,3.495909,1.000000,1.500000,3.000000,2.500000,3.000000
16,1.600000,-1.722772,-1.835756,1.090230,0.176497,0.162034,0.071371,-1.340000,1.308000,2.500000,3.500000,-1.000000,2.000000,3.466579,1.000000,1.500000,3.000000,2.500000,3.000000
17,1.700000,-1.708113,-1.833263,1.093507,0.146594,0.024934,0.032766,-1.330000,1.296000,2.500000,3.500000,-1.000000,2.000000,3.451591,1.000000,1.500000,3.000000,2.500000,3.000000
18,1.800000,-1.690484,-1.817037,1.100645,0.176289,0.162253,0.071386,-1.320000,1.284000,2.500000,3.500000,-1.000000,2.000000,3.422263,1.000000,1.500000,3.000000,2.500000,3.000000
19,1.900000,-1.675840,-1.814516,1.103927,0.146438,0.025215,0.032818,-1.310000,1.272000,2.500000,3.500000,-1.000000,2.000000,3.407263,1.000000,1.500000,3.000000,2.500000,3.000000
20,2.000000,-1.658232,-1.798268,1.111067,0.176080,0.162474,0.071401,-1.300000,1.260000,2.500000,3.500000,-1.000000,2.000000,3.377939,1.000000,1.500000,3.000000,2.500000,3.000000
21,2.100000,-1.643604,-1.795719,1.114354,0.146281,0.025495,0.032869,-1.290000,1.248000,2.500000,3.500000,-1.000000,2.000000,3.362927,1.000000,1.500000,3.000000,2.500000,3.000000
22,2.200000,-1.626017,-1.779449,1.121496,0.175870,0.162694,0.071416,-1.280000,1.236000,2.500000,3.500000,-1.000000,2.000000,3.333607,1.000000,1.500000,3.000000,2.500000,3.000000
23,2.300000,-1.611405,-1.776872,1.124788,0.146123,0.025776,0.032921,-1.270000,1.224000,2.500000,3.500000,-1.000000,2.000000,3.318584,1.000000,1.500000,3.000000,2.500000,3.000000
24,2.400000,-1.593839,-1.760580,1.131931,0.175659,0.162916,0.071431,-1.260000,1.212000,2.500000,3.500000,-1.000000,2.000000,3.289270,1.000000,1.500000,3.000000,2.500000,3.000000
25,2.500000,-1.579242,-1.757974,1.135228,0.145966,0.026058,0.032972,-1.250000,1.200000,2.500000,3.500000,-1.000000,2.000000,3.274235,1.000000,1.500000,3.000000,2.500000,3.000000
26,2.600000,-1.561698,-1.741661,1.142373,0.175447,0.163138,0.071446,-1.240000,1.188000,2.500000,3.500000,-1.000000,2.000000,3.244927,1.000000,1.500000,3.000000,2.500000,3.000000
27,2.700000,-1.547117,-1.739027,1.145675,0.145808,0.026340,0.033023,-1.230000,1.176000,2.500000,3.500000,-1.000000,2.000000,3.229882,1.000000,1.500000,3.000000,2.500000,3.000000
28,2.800000,-1.529594,-1.722691,1.152821,0.175233,0.163360,0.071461,-1.220000,1.164000,2.500000,3.500000,-1.000000,2.000000,3.200581,1.000000,1.500000,3.000000,2.500000,3.000000
29,2.900000,-1.515029,-1.720028,1.156128,0.145649,0.026622,0.033074,-1.210000,1.152000,2.500000,3.500000,-1.000000,2.000000,3.185527,1.000000,1.500000,3.000000,2.500000,3.000000
30,3.000000,-1.497527,-1.703670,1.163276,0.175019,0.163584,0.071475,-1.200000,1.140000,2.500000,3.500000,-1.000000,2.000000,3.156234,1.000000,1.500000,3.000000,2.500000,3.000000
31,3.100000,-1.482978,-1.700979,1.166589,0.145491,0.026905,0.033125,-1.190000,1.128000,2.500000,3.500000,-1.000000,2.000000,3.141170,1.000000,1.500000,3.000000,2.500000,3.000000
32,3.200000,-1.465497,-1.684599,1.173737,0.174804,0.163808,0.071490,-1.180000,1.116000,2.500000,3.500000,-1.000000,2.000000,3.111886,1.000000,1.500000,3.000000,2.500000,3.000000
33,3.300000,-1.450964,-1.681880,1.177055,0.145332,0.027189,0.033176,-1.170000,1.104000,2.500000,3.500000,-1.000000,2.000000,3.096813,1.000000,1.500000,3.000000,2.500000,3.000000
34,3.400000,-1.433505,-1.665477,1.184206,0.174587,0.164032,0.071504,-1.160000,1.092000,2.500000,3.500000,-1.000000,2.000000,3.067539,1.000000,1.500000,3.000000,2.500000,3.000000
35,3.500000,-1.418988,-1.662729,1.187528,0.145173,0.027472,0.033227,-1.150000,1.080000,2.500000,3.500000,-1.000000,2.000000,3.052458,1.000000,1.500000,3.000000,2.500000,3.000000
36,3.600000,-1.401551,-1.646304,1.194680,0.174369,0.164257,0.071518,-1.140000,1.068000,2.500000,3.500000,-1.000000,2.000000,3.023196,1.000000,1.500000,3.000000,2.500000,3.000000
37,3.700000,-1.387050,-1.643528,1.198008,0.145013,0.027757,0.033277,-1.130000,1.056000,2.500000,3.500000,-1.000000,2.000000,3.008107,1.000000,1.500000,3.000000,2.500000,3.000000
38,3.800000,-1.369635,-1.627080,1.205161,0.174150,0.164483,0.071533,-1.120000,1.044000,2.500000,3.500000,-1.000000,2.000000,2.978857,1.000000,1.500000,3.000000,2.500000,3.000000
39,3.900000,-1.355149,-1.624275,1.208494,0.144854,0.028042,0.033328,-1.110000,1.032000,2.500000,3.500000,-1.000000,2.000000,2.963762,1.000000,1.500000,3.000000,2.500000,3.000000
40,4.000000,-1.337756,-1.607804,1.215649,0.173930,0.164710,0.071547,-1.100000,1.020000,2.500000,3.500000,-1.000000,2.000000,2.934526,1.000000,1.500000,3.000000,2.500000,3.000000
41,4.100000,-1.323256,-1.605011,1.218983,0.145004,0.027934,0.033341,-1.090000,1.008000,2.500000,3.500000,-1.000000,2.000000,2.919459,1.000000,1.500000,3.000000,2.500000,3.000000
42,4.200000,-1.305885,-1.588517,1.226139,0.173708,0.164939,0.071561,-1.080000,0.996000,2.500000,3.500000,-1.000000,2.000000,2.890238,1.000000,1.500000,3.000000,2.500000,3.000000
43,4.300000,-1.291401,-1.585695,1.229478,0.144842,0.028227,0.033392,-1.070000,0.984000,2.500000,3.500000,-1.000000,2.000000,2.875165,1.000000,1.500000,3.000000,2.500000,3.000000
44,4.400000,-1.274053,-1.569178,1.236635,0.173484,0.165168,0.071575,-1.060000,0.972000,2.500000,3.500000,-1.000000,2.000000,2.845961,1.000000,1.500000,3.000000,2.500000,3.000000
45,4.500000,-1.259585,-1.566326,1.239980,0.144679,0.028520,0.033443,-1.050000,0.960000,2.500000,3.500000,-1.000000,2.000000,2.830883,1.000000,1.500000,3.000000,2.500000,3.000000
46,4.600000,-1.242259,-1.549786,1.247139,0.173259,0.165398,0.071589,-1.040000,0.948000,2.500000,3.500000,-1.000000,2.000000,2.801697,1.000000,1.500000,3.000000,2.500000,3.000000
47,4.700000,-1.227807,-1.546905,1.250488,0.144516,0.028814,0.033494,-1.030000,0.936000,2.500000,3.500000,-1.000000,2.000000,2.786615,1.000000,1.500000,3.000000,2.500000,3.000000
48,4.800000,-1.210504,-1.530342,1.257648,0.173032,0.165629,0.071603,-1.020000,0.924000,2.500000,3.500000,-1.000000,2.000000,2.757449,1.000000,1.500000,3.000000,2.500000,3.000000
49,4.900000,-1.196069,-1.527431,1.261003,0.144353,0.029108,0.033545,-1.010000,0.912000,2.500000,3.500000,-1.000000,2.000000,2.742364,1.000000,1.500000,3.000000,2.500000,3.000000
50,5.000000,-1.178788,-1.510845,1.268164,0.172805,0.165860,0.071616,-1.000000,0.900000,2.500000,3.500000,-1.000000,2.000000,2.713219,1.000000,1.500000,3.000000,2.500000,3.000000
51,5.100000,-1.163178,-1.510376,1.269399,0.156098,0.004687,0.012346,-0.990000,0.888000,2.500000,3.500000,-1.000000,2.000000,2.701218,1.000000,1.500000,3.000000,2.500000,3.000000
52,5.200000,-1.145930,-1.493761,1.276569,0.172486,0.166155,0.071701,-0.980000,0.876000,2.500000,3.500000,-1.000000,2.000000,2.672093,1.000000,1.500000,3.000000,2.500000,3.000000
53,5.300000,-1.130365,-1.493185,1.277839,0.155651,0.005760,0.012698,-0.970000,0.864000,2.500000,3.500000,-1.000000,2.000000,2.660022,1.000000,1.500000,3.000000,2.500000,3.000000
54,5.400000,-1.113148,-1.476540,1.285017,0.172167,0.166449,0.071785,-0.960000,0.852000,2.500000,3.500000,-1.000000,2.000000,2.630919,1.000000,1.500000,3.000000,2.500000,3.000000
55,5.500000,-1.097627,-1.475857,1.286322,0.155209,0.006826,0.013047,-0.950000,0.840000,2.500000,3.500000,-1.000000,2.000000,2.618779,1.000000,1.500000,3.000000,2.500000,3.000000
56,5.600000,-1.080442,-1.459183,1.293509,0.171849,0.166742,0.071869,-0.940000,0.828000,2.500000,3.500000,-1.000000,2.000000,2.589701,1.000000,1.500000,3.000000,2.500000,3.000000
57,5.700000,-1.061958,-1.464414,1.289374,0.184838,-0.052315,-0.041350,-0.930000,0.816000,2.500000,3.500000,-1.000000,2.000000,2.585211,1.000000,1.500000,3.000000,2.500000,3.000000
58,5.800000,-1.044828,-1.447696,1.296588,0.171301,0.167187,0.072141,-0.920000,0.804000,2.500000,3.500000,-1.000000,2.000000,2.556153,1.000000,1.500000,3.000000,2.500000,3.000000
59,5.900000,-1.030053,-1.445526,1.299147,0.147753,0.021694,0.025587,-0.910000,0.792000,2.500000,3.500000,-1.000000,2.000000,2.542240,1.000000,1.500000,3.000000,2.500000,3.000000
60,6.000000,-1.012950,-1.428782,1.306365,0.171032,0.167445,0.072183,-0.900000,0.780000,2.500000,3.500000,-1.000000,2.000000,2.513213,1.000000,1.500000,3.000000,2.500000,3.000000
61,6.100000,-0.998614,-1.425720,1.309763,0.143355,0.030616,0.033976,-0.890000,0.768000,2.500000,3.500000,-1.000000,2.000000,2.498173,1.000000,1.500000,3.000000,2.500000,3.000000
62,6.200000,-0.981535,-1.408952,1.316982,0.170795,0.167681,0.072196,-0.880000,0.756000,2.500000,3.500000,-1.000000,2.000000,2.469182,1.000000,1.500000,3.000000,2.500000,3.000000
63,6.300000,-0.967216,-1.405860,1.320385,0.143188,0.030926,0.034027,-0.870000,0.744000,2.500000,3.500000,-1.000000,2.000000,2.454147,1.000000,1.500000,3.000000,2.500000,3.000000
64,6.400000,-0.950160,-1.389068,1.327606,0.170556,0.167918,0.072209,-0.860000,0.732000,2.500000,3.500000,-1.000000,2.000000,2.425194,1.000000,1.500000,3.000000,2.500000,3.000000
65,6.500000,-0.933607,-1.390045,1.327185,0.165537,-0.009776,-0.004204,-0.850000,0.720000,2.500000,3.500000,-1.000000,2.000000,2.415528,1.000000,1.500000,3.000000,2.500000,3.000000
66,6.600000,-0.916592,-1.373219,1.334421,0.170150,0.168266,0.072358,-0.840000,0.708000,2.500000,3.500000,-1.000000,2.000000,2.386611,1.000000,1.500000,3.000000,2.500000,3.000000
67,6.700000,-0.902315,-1.370061,1.337839,0.142763,0.031580,0.034175,-0.830000,0.696000,2.500000,3.500000,-1.000000,2.000000,2.371594,1.000000,1.500000,3.000000,2.500000,3.000000
68,6.800000,-0.885324,-1.353210,1.345076,0.169908,0.168504,0.072371,-0.820000,0.684000,2.500000,3.500000,-1.000000,2.000000,2.342721,1.000000,1.500000,3.000000,2.500000,3.000000
69,6.900000,-0.871065,-1.350021,1.348498,0.142596,0.031894,0.034226,-0.810000,0.672000,2.500000,3.500000,-1.000000,2.000000,2.327714,1.000000,1.500000,3.000000,2.500000,3.000000
70,7.000000,-0.854098,-1.333147,1.355737,0.169665,0.168743,0.072384,-0.800000,0.660000,2.500000,3.500000,-1.000000,2.000000,2.298891,1.000000,1.500000,3.000000,2.500000,3.000000
71,7.100000,-0.839386,-1.330732,1.358356,0.147119,0.024149,0.026194,-0.790000,0.648000,2.500000,3.500000,-1.000000,2.000000,2.284988,1.000000,1.500000,3.000000,2.500000,3.000000
72,7.200000,-0.822448,-1.313831,1.365599,0.169387,0.169005,0.072426,-0.780000,0.636000,2.500000,3.500000,-1.000000,2.000000,2.256216,1.000000,1.500000,3.000000,2.500000,3.000000
73,7.300000,-0.807761,-1.311356,1.368232,0.146869,0.024758,0.026335,-0.770000,0.624000,2.500000,3.500000,-1.000000,2.000000,2.242304,1.000000,1.500000,3.000000,2.500000,3.000000
74,7.400000,-0.790850,-1.294429,1.375479,0.169107,0.169267,0.072469,-0.760000,0.612000,2.500000,3.500000,-1.000000,2.000000,2.213588,1.000000,1.500000,3.000000,2.500000,3.000000
75,7.500000,-0.776611,-1.291184,1.378915,0.142392,0.032446,0.034362,-0.750000,0.600000,2.500000,3.500000,-1.000000,2.000000,2.198663,1.000000,1.500000,3.000000,2.500000,3.000000
76,7.600000,-0.759725,-1.274233,1.386164,0.168858,0.169510,0.072481,-0.740000,0.588000,2.500000,3.500000,-1.000000,2.000000,2.170008,1.000000,1.500000,3.000000,2.500000,3.000000
77,7.700000,-0.745503,-1.270956,1.389605,0.142223,0.032776,0.034415,-0.730000,0.576000,2.500000,3.500000,-1.000000,2.000000,2.155102,1.000000,1.500000,3.000000,2.500000,3.000000
78,7.800000,-0.728642,-1.253981,1.396854,0.168608,0.169753,0.072494,-0.720000,0.564000,2.500000,3.500000,-1.000000,2.000000,2.126513,1.000000,1.500000,3.000000,2.500000,3.000000
79,7.900000,-0.713934,-1.251430,1.399507,0.147077,0.025502,0.026527,-0.710000,0.552000,2.500000,3.500000,-1.000000,2.000000,2.112691,1.000000,1.500000,3.000000,2.500000,3.000000
80,8.000000,-0.697102,-1.234428,1.406761,0.168320,0.170020,0.072536,-0.700000,0.540000,2.500000,3.500000,-1.000000,2.000000,2.084173,1.000000,1.500000,3.000000,2.500000,3.000000
81,8.100000,-0.682420,-1.231813,1.409428,0.146827,0.026154,0.026674,-0.690000,0.528000,2.500000,3.500000,-1.000000,2.000000,2.070349,1.000000,1.500000,3.000000,2.500000,3.000000
82,8.200000,-0.665616,-1.214784,1.416686,0.168032,0.170286,0.072579,-0.680000,0.516000,2.500000,3.500000,-1.000000,2.000000,2.041909,1.000000,1.500000,3.000000,2.500000,3.000000
83,8.300000,-0.650959,-1.212103,1.419368,0.146578,0.026810,0.026822,-0.670000,0.504000,2.500000,3.500000,-1.000000,2.000000,2.028087,1.000000,1.500000,3.000000,2.500000,3.000000
84,8.400000,-0.634184,-1.195048,1.426630,0.167743,0.170553,0.072622,-0.660000,0.492000,2.500000,3.500000,-1.000000,2.000000,1.999730,1.000000,1.500000,3.000000,2.500000,3.000000
85,8.500000,-0.619999,-1.191678,1.430092,0.141854,0.033697,0.034615,-0.650000,0.480000,2.500000,3.500000,-1.000000,2.000000,1.984971,1.000000,1.500000,3.000000,2.500000,3.000000
86,8.600000,-0.603251,-1.174598,1.437355,0.167485,0.170801,0.072634,-0.640000,0.468000,2.500000,3.500000,-1.000000,2.000000,1.956705,1.000000,1.500000,3.000000,2.500000,3.000000
87,8.700000,-0.586502,-1.157518,1.444619,0.167485,0.170801,0.072634,-0.630000,0.456000,2.500000,3.500000,-1.000000,2.000000,1.928513,1.000000,1.500000,3.000000,2.500000,3.000000
88,8.800000,-0.569754,-1.140438,1.451882,0.167485,0.170801,0.072634,-0.620000,0.444000,2.500000,3.500000,-1.000000,2.000000,1.900400,1.000000,1.500000,3.000000,2.500000,3.000000
89,8.900000,-0.553005,-1.123358,1.459146,0.167485,0.170801,0.072634,-0.610000,0.432000,2.500000,3.500000,-1.000000,2.000000,1.872369,1.000000,1.500000,3.000000,2.500000,3.000000
90,9.000000,-0.536257,-1.106278,1.466409,0.167485,0.170801,0.072634,-0.600000,0.420000,2.500000,3.500000,-1.000000,2.000000,1.844423,1.000000,1.500000,3.000000,2.500000,3.000000
91,9.100000,-0.519508,-1.089198,1.473673,0.167485,0.170801,0.072634,-0.590000,0.408000,2.500000,3.500000,-1.000000,2.000000,1.816568,1.000000,1.500000,3.000000,2.500000,3.000000
92,9.200000,-0.502760,-1.072117,1.480936,0.167485,0.170801,0.072634,-0.580000,0.396000,2.500000,3.500000,-1.000000,2.000000,1.788806,1.000000,1.500000,3.000000,2.500000,3.000000
93,9.300000,-0.486011,-1.055037,1.488199,0.167485,0.170801,0.072634,-0.570000,0.384000,2.500000,3.500000,-1.000000,2.000000,1.761143,1.000000,1.500000,3.000000,2.500000,3.000000
94,9.400000,-0.469263,-1.037957,1.495463,0.167485,0.170801,0.072634,-0.560000,0.372000,2.500000,3.500000,-1.000000,2.000000,1.733582,1.000000,1.500000,3.000000,2.500000,3.000000
95,9.500000,-0.452514,-1.020877,1.502726,0.167485,0.170801,0.072634,-0.550000,0.360000,2.500000,3.500000,-1.000000,2.000000,1.706130,1.000000,1.500000,3.000000,2.500000,3.000000
96,9.600000,-0.435766,-1.003797,1.509990,0.167485,0.170801,0.072634,-0.540000,0.348000,2.500000,3.500000,-1.000000,2.000000,1.678791,1.000000,1.500000,3.000000,2.500000,3.000000
97,9.700000,-0.419017,-0.986717,1.517253,0.167485,0.170801,0.072634,-0.530000,0.336000,2.500000,3.500000,-1.000000,2.000000,1.651572,1.000000,1.500000,3.000000,2.500000,3.000000
98,9.800000,-0.402269,-0.969637,1.524517,0.167485,0.170801,0.072634,-0.520000,0.324000,2.500000,3.500000,-1.000000,2.000000,1.624477,1.000000,1.500000,3.000000,2.500000,3.000000
99,9.900000,-0.385520,-0.952557,1.531780,0.167485,0.170801,0.072634,-0.510000,0.312000,2.500000,3.500000,-1.000000,2.000000,1.597513,1.000000,1.500000,3.000000,2.500000,3.000000
100,10.000000,-0.368772,-0.935476,1.539043,0.167485,0.170801,0.072634,-0.500000,0.300000,2.500000,3.500000,-1.000000,2.000000,1.570688,1.000000,1.500000,3.000000,2.500000,3.000000
101,10.100000,-0.352023,-0.918396,1.546307,0.167485,0.170801,0.072634,-0.490000,0.288000,2.500000,3.500000,-1.000000,2.000000,1.544008,1.000000,1.500000,3.000000,2.500000,3.000000
102,10.200000,-0.335275,-0.901316,1.553570,0.167485,0.170801,0.072634,-0.480000,0.276000,2.500000,3.500000,-1.000000,2.000000,1.517481,1.000000,1.500000,3.000000,2.500000,3.000000
103,10.300000,-0.318526,-0.884236,1.560834,0.167485,0.170801,0.072634,-0.470000,0.264000,2.500000,3.500000,-1.000000,2.000000,1.491115,1.000000,1.500000,3.000000,2.500000,3.000000
104,10.400000,-0.301778,-0.867156,1.568097,0.167485,0.170801,0.072634,-0.460000,0.252000,2.500000,3.500000,-1.000000,2.000000,1.464919,1.000000,1.500000,3.000000,2.500000,3.000000
105,10.500000,-0.285029,-0.850076,1.575360,0.167485,0.170801,0.072634,-0.450000,0.240000,2.500000,3.500000,-1.000000,2.000000,1.438902,1.000000,1.500000,3.000000,2.500000,3.000000
106,10.600000,-0.268290,-0.832990,1.582632,0.167396,0.170855,0.072712,-0.440000,0.228000,2.500000,3.500000,-1.000000,2.000000,1.413064,1.000000,1.500000,3.000000,2.500000,3.000000
107,10.700000,-0.251591,-0.815880,1.589939,0.166991,0.171098,0.073071,-0.430000,0.216000,2.500000,3.500000,-1.000000,2.000000,1.387378,1.000000,1.500000,3.000000,2.500000,3.000000
108,10.800000,-0.234970,-0.798725,1.597317,0.166203,0.171559,0.073782,-0.420000,0.204000,2.500000,3.500000,-1.000000,2.000000,1.361811,1.000000,1.500000,3.000000,2.500000,3.000000
109,10.900000,-0.218472,-0.781499,1.604807,0.164985,0.172251,0.074897,-0.410000,0.192000,2.500000,3.500000,-1.000000,2.000000,1.336322,1.000000,1.500000,3.000000,2.500000,3.000000
110,11.000000,-0.202142,-0.764183,1.612452,0.163299,0.173170,0.076457,-0.400000,0.180000,2.500000,3.500000,-1.000000,2.000000,1.310866,1.000000,1.500000,3.000000,2.500000,3.000000
111,11.100000,-0.186030,-0.746753,1.620301,0.161120,0.174299,0.078488,-0.390000,0.168000,2.500000,3.500000,-1.000000,2.000000,1.285397,1.000000,1.500000,3.000000,2.500000,3.000000
112,11.200000,-0.170186,-0.729192,1.628401,0.158435,0.175605,0.081002,-0.380000,0.156000,2.500000,3.500000,-1.000000,2.000000,1.259869,1.000000,1.500000,3.000000,2.500000,3.000000
113,11.300000,-0.154662,-0.711488,1.636801,0.155246,0.177043,0.083991,-0.370000,0.144000,2.500000,3.500000,-1.000000,2.000000,1.234238,1.000000,1.500000,3.000000,2.500000,3.000000
114,11.400000,-0.139505,-0.693632,1.645544,0.151568,0.178556,0.087435,-0.360000,0.132000,2.500000,3.500000,-1.000000,2.000000,1.208463,1.000000,1.500000,3.000000,2.500000,3.000000
115,11.500000,-0.120389,-0.693680,1.652472,0.191160,-0.000476,0.069282,-0.350000,0.120000,2.500000,3.500000,-1.000000,2.000000,1.197121,1.000000,1.500000,3.000000,2.500000,3.000000
116,11.600000,-0.105908,-0.675545,1.661768,0.144808,0.181352,0.092963,-0.340000,0.108000,2.500000,3.500000,-1.000000,2.000000,1.171057,1.000000,1.500000,3.000000,2.500000,3.000000
117,11.700000,-0.082994,-0.678339,1.669309,0.229140,-0.027944,0.075403,-0.330000,0.096000,2.500000,3.500000,-1.000000,2.000000,1.162179,1.000000,1.500000,3.000000,2.500000,3.000000
118,11.800000,-0.069260,-0.659928,1.679178,0.137341,0.184113,0.098691,-0.320000,0.084000,2.500000,3.500000,-1.000000,2.000000,1.135803,1.000000,1.500000,3.000000,2.500000,3.000000
119,11.900000,-0.046631,-0.661900,1.686889,0.226293,-0.019718,0.077110,-0.310000,0.072000,2.500000,3.500000,-1.000000,2.000000,1.126553,1.000000,1.500000,3.000000,2.500000,3.000000
120,12.000000,-0.033719,-0.643239,1.697381,0.129114,0.186607,0.104916,-0.300000,0.060000,2.500000,3.500000,-1.000000,2.000000,1.099840,1.000000,1.500000,3.000000,2.500000,3.000000
121,12.100000,-0.011308,-0.638407,1.707351,0.224110,0.048315,0.099702,-0.290000,0.048000,2.500000,3.500000,-1.000000,2.000000,1.084950,1.000000,1.500000,3.000000,2.500000,3.000000
122,12.200000,0.000621,-0.619535,1.718598,0.119296,0.188728,0.112473,-0.280000,0.036000,2.500000,3.500000,-1.000000,2.000000,1.057858,1.000000,1.500000,3.000000,2.500000,3.000000
123,12.300000,0.014946,-0.609888,1.730115,0.143250,0.096463,0.115167,-0.270000,0.024000,2.500000,3.500000,-1.000000,2.000000,1.037175,1.000000,1.500000,3.000000,2.500000,3.000000
124,12.400000,0.025810,-0.590904,1.742221,0.108639,0.189844,0.121065,-0.260000,0.012000,2.500000,3.500000,-1.000000,2.000000,1.009658,1.000000,1.500000,3.000000,2.500000,3.000000
125,12.500000,0.027970,-0.595530,1.736288,0.021594,-0.046264,-0.059330,-0.250000,-0.000000,2.500000,3.500000,-1.000000,2.000000,1.007561,1.000000,1.500000,3.000000,2.500000,3.000000
126,12.600000,0.030048,-0.600056,1.730365,0.020783,-0.045257,-0.059231,-0.240000,-0.012000,2.500000,3.500000,-1.000000,2.000000,1.005522,1.000000,1.500000,3.000000,2.500000,3.000000
127,12.700000,0.032046,-0.604482,1.724451,0.019982,-0.044265,-0.059140,-0.230000,-0.024000,2.500000,3.500000,-1.000000,2.000000,1.003546,1.000000,1.500000,3.000000,2.500000,3.000000
128,12.800000,0.033965,-0.608811,1.718545,0.019193,-0.043290,-0.059058,-0.220000,-0.036000,2.500000,3.500000,-1.000000,2.000000,1.001640,1.000000,1.500000,3.000000,2.500000,3.000000
129,12.900000,0.035807,-0.613045,1.712647,0.018415,-0.042332,-0.058987,-0.210000,-0.048000,2.500000,3.500000,-1.000000,2.000000,0.999811,1.000000,1.500000,3.000000,2.500000,3.000000
130,13.000000,0.037572,-0.617184,1.706754,0.017649,-0.041393,-0.058931,-0.200000,-0.060000,2.500000,3.500000,-1.000000,2.000000,0.998065,1.000000,1.500000,3.000000,2.500000,3.000000
131,13.100000,0.039261,-0.621232,1.700864,0.016895,-0.040475,-0.058892,-0.190000,-0.072000,2.500000,3.500000,-1.000000,2.000000,0.996410,1.000000,1.500000,3.000000,2.500000,3.000000
132,13.200000,0.040877,-0.625189,1.694977,0.016153,-0.039578,-0.058873,-0.180000,-0.084000,2.500000,3.500000,-1.000000,2.000000,0.994854,1.000000,1.500000,3.000000,2.500000,3.000000
133,13.300000,0.042419,-0.629060,1.689089,0.015423,-0.038704,-0.058878,-0.170000,-0.096000,2.500000,3.500000,-1.000000,2.000000,0.993404,1.000000,1.500000,3.000000,2.500000,3.000000
134,13.400000,0.043890,-0.632845,1.683198,0.014705,-0.037854,-0.058911,-0.160000,-0.108000,2.500000,3.500000,-1.000000,2.000000,0.992068,1.000000,1.500000,3.000000,2.500000,3.000000
135,13.500000,0.045290,-0.636548,1.677301,0.013999,-0.037028,-0.058974,-0.150000,-0.120000,2.500000,3.500000,-1.000000,2.000000,0.990855,1.000000,1.500000,3.000000,2.500000,3.000000
136,13.600000,0.046620,-0.640171,1.671394,0.013304,-0.036228,-0.059072,-0.140000,-0.132000,2.500000,3.500000,-1.000000,2.000000,0.989774,1.000000,1.500000,3.000000,2.500000,3.000000
137,13.700000,0.047882,-0.643716,1.665473,0.012621,-0.035454,-0.059209,-0.130000,-0.144000,2.500000,3.500000,-1.000000,2.000000,0.988835,1.000000,1.500000,3.000000,2.500000,3.000000
138,13.800000,0.049077,-0.647187,1.659534,0.011947,-0.034708,-0.059389,-0.120000,-0.156000,2.500000,3.500000,-1.000000,2.000000,0.988046,1.000000,1.500000,3.000000,2.500000,3.000000
139,13.900000,0.050205,-0.650586,1.653572,0.011284,-0.033990,-0.059616,-0.110000,-0.168000,2.500000,3.500000,-1.000000,2.000000,0.987418,1.000000,1.500000,3.000000,2.500000,3.000000
140,14.000000,0.051268,-0.653916,1.647583,0.010629,-0.033300,-0.059896,-0.100000,-0.180000,2.500000,3.500000,-1.000000,2.000000,0.986962,1.000000,1.500000,3.000000,2.500000,3.000000
141,14.100000,0.052266,-0.657180,1.641559,0.009982,-0.032640,-0.060233,-0.090000,-0.192000,2.500000,3.500000,-1.000000,2.000000,0.986688,1.000000,1.500000,3.000000,2.500000,3.000000
142,14.200000,0.053200,-0.660381,1.635496,0.009342,-0.032009,-0.060633,-0.080000,-0.204000,2.500000,3.500000,-1.000000,2.000000,0.986607,1.000000,1.500000,3.000000,2.500000,3.000000
143,14.300000,0.054071,-0.663522,1.629386,0.008708,-0.031408,-0.061101,-0.070000,-0.216000,2.500000,3.500000,-1.000000,2.000000,0.986731,1.000000,1.500000,3.000000,2.500000,3.000000
144,14.400000,0.054879,-0.666605,1.623222,0.008077,-0.030837,-0.061643,-0.060000,-0.228000,2.500000,3.500000,-1.000000,2.000000,0.987073,1.000000,1.500000,3.000000,2.500000,3.000000
145,14.500000,0.055624,-0.669635,1.616995,0.007448,-0.030296,-0.062265,-0.050000,-0.240000,2.500000,3.500000,-1.000000,2.000000,0.987644,1.000000,1.500000,3.000000,2.500000,3.000000
146,14.600000,0.056306,-0.672613,1.610698,0.006820,-0.029784,-0.062973,-0.040000,-0.252000,2.500000,3.500000,-1.000000,2.000000,0.988458,1.000000,1.500000,3.000000,2.500000,3.000000
147,14.700000,0.056925,-0.675544,1.604320,0.006189,-0.029302,-0.063773,-0.030000,-0.264000,2.500000,3.500000,-1.000000,2.000000,0.989528,1.000000,1.500000,3.000000,2.500000,3.000000
148,14.800000,0.057480,-0.678429,1.597853,0.005554,-0.028849,-0.064674,-0.020000,-0.276000,2.500000,3.500000,-1.000000,2.000000,0.990869,1.000000,1.500000,3.000000,2.500000,3.000000
149,14.900000,0.057971,-0.681271,1.591285,0.004913,-0.028425,-0.065680,-0.010000,-0.288000,2.500000,3.500000,-1.000000,2.000000,0.992494,1.000000,1.500000,3.000000,2.500000,3.000000
150,15.000000,0.058397,-0.684074,1.584605,0.004262,-0.028028,-0.066801,0.000000,-0.300000,2.500000,3.500000,-1.000000,2.000000,0.994420,1.000000,1.500000,3.000000,2.500000,3.000000
151,15.100000,0.058757,-0.686840,1.577800,0.003598,-0.027657,-0.068044,0.010000,-0.312000,2.500000,3.500000,-1.000000,2.000000,0.996661,1.000000,1.500000,3.000000,2.500000,3.000000
152,15.200000,0.059049,-0.689571,1.570859,0.002917,-0.027312,-0.069417,0.020000,-0.324000,2.500000,3.500000,-1.000000,2.000000,0.999235,1.000000,1.500000,3.000000,2.500000,3.000000
153,15.300000,0.059271,-0.692270,1.563766,0.002218,-0.026991,-0.070928,0.030000,-0.336000,2.500000,3.500000,-1.000000,2.000000,1.002157,1.000000,1.500000,3.000000,2.500000,3.000000
154,15.400000,0.059420,-0.694939,1.556507,0.001494,-0.026691,-0.072586,0.040000,-0.348000,2.500000,3.500000,-1.000000,2.000000,1.005446,1.000000,1.500000,3.000000,2.500000,3.000000
155,15.500000,0.074492,-0.686922,1.572221,0.150717,0.080173,0.157135,0.050000,-0.360000,2.500000,3.500000,-1.000000,2.000000,0.983998,1.000000,1.500000,3.000000,2.500000,3.000000
156,15.600000,0.074594,-0.689148,1.565661,0.001025,-0.022267,-0.065599,0.060000,-0.372000,2.500000,3.500000,-1.000000,2.000000,0.986806,1.000000,1.500000,3.000000,2.500000,3.000000
157,15.700000,0.074627,-0.691342,1.558945,0.000330,-0.021934,-0.067160,0.070000,-0.384000,2.500000,3.500000,-1.000000,2.000000,0.989982,1.000000,1.500000,3.000000,2.500000,3.000000
158,15.800000,0.074588,-0.693503,1.552057,-0.000393,-0.021616,-0.068877,0.080000,-0.396000,2.500000,3.500000,-1.000000,2.000000,0.993546,1.000000,1.500000,3.000000,2.500000,3.000000
159,15.900000,0.074473,-0.695635,1.544981,-0.001150,-0.021311,-0.070760,0.090000,-0.408000,2.500000,3.500000,-1.000000,2.000000,0.997515,1.000000,1.500000,3.000000,2.500000,3.000000
160,16.000000,0.074278,-0.697736,1.537699,-0.001946,-0.021016,-0.072817,0.100000,-0.420000,2.500000,3.500000,-1.000000,2.000000,1.001909,1.000000,1.500000,3.000000,2.500000,3.000000
161,16.100000,0.074000,-0.699809,1.530193,-0.002786,-0.020728,-0.075060,0.110000,-0.432000,2.500000,3.500000,-1.000000,2.000000,1.006748,1.000000,1.500000,3.000000,2.500000,3.000000
162,16.200000,0.091933,-0.694591,1.546089,0.179336,0.052176,0.158956,0.120000,-0.444000,2.500000,3.500000,-1.000000,2.000000,0.986676,1.000000,1.500000,3.000000,2.500000,3.000000
163,16.300000,0.091658,-0.696317,1.539191,-0.002753,-0.017252,-0.068976,0.130000,-0.456000,2.500000,3.500000,-1.000000,2.000000,0.991148,1.000000,1.500000,3.000000,2.500000,3.000000
164,16.400000,0.091300,-0.698009,1.532070,-0.003583,-0.016922,-0.071214,0.140000,-0.468000,2.500000,3.500000,-1.000000,2.000000,0.996074,1.000000,1.500000,3.000000,2.500000,3.000000
165,16.500000,0.090853,-0.699668,1.524705,-0.004466,-0.016588,-0.073649,0.150000,-0.480000,2.500000,3.500000,-1.000000,2.000000,1.001475,1.000000,1.500000,3.000000,2.500000,3.000000
166,16.600000,0.090312,-0.701292,1.517076,-0.005409,-0.016245,-0.076293,0.160000,-0.492000,2.500000,3.500000,-1.000000,2.000000,1.007373,1.000000,1.500000,3.000000,2.500000,3.000000
167,16.700000,0.105778,-0.695596,1.533073,0.154664,0.056964,0.159969,0.170000,-0.504000,2.500000,3.500000,-1.000000,2.000000,0.987817,1.000000,1.500000,3.000000,2.500000,3.000000
168,16.800000,0.105235,-0.696910,1.525998,-0.005430,-0.013140,-0.070746,0.180000,-0.516000,2.500000,3.500000,-1.000000,2.000000,0.993478,1.000000,1.500000,3.000000,2.500000,3.000000
169,16.900000,0.104596,-0.698184,1.518652,-0.006393,-0.012740,-0.073464,0.190000,-0.528000,2.500000,3.500000,-1.000000,2.000000,0.999650,1.000000,1.500000,3.000000,2.500000,3.000000
170,17.000000,0.103853,-0.699415,1.511011,-0.007428,-0.012316,-0.076408,0.200000,-0.540000,2.500000,3.500000,-1.000000,2.000000,1.006358,1.000000,1.500000,3.000000,2.500000,3.000000
171,17.100000,0.118788,-0.693459,1.527117,0.149344,0.059567,0.161064,0.210000,-0.552000,2.500000,3.500000,-1.000000,2.000000,0.987335,1.000000,1.500000,3.000000,2.500000,3.000000
172,17.200000,0.118046,-0.694408,1.519984,-0.007421,-0.009492,-0.071332,0.220000,-0.564000,2.500000,3.500000,-1.000000,2.000000,0.993897,1.000000,1.500000,3.000000,2.500000,3.000000
173,17.300000,0.117196,-0.695307,1.512544,-0.008500,-0.008990,-0.074404,0.230000,-0.576000,2.500000,3.500000,-1.000000,2.000000,1.001014,1.000000,1.500000,3.000000,2.500000,3.000000
174,17.400000,0.132328,-0.689615,1.528908,0.151327,0.056922,0.163641,0.240000,-0.588000,2.500000,3.500000,-1.000000,2.000000,0.982313,1.000000,1.500000,3.000000,2.500000,3.000000
175,17.500000,0.131485,-0.690257,1.521951,-0.008430,-0.006420,-0.069567,0.250000,-0.600000,2.500000,3.500000,-1.000000,2.000000,0.989329,1.000000,1.500000,3.000000,2.500000,3.000000
176,17.600000,0.130529,-0.690839,1.514672,-0.009565,-0.005824,-0.072794,0.260000,-0.612000,2.500000,3.500000,-1.000000,2.000000,0.996920,1.000000,1.500000,3.000000,2.500000,3.000000
177,17.700000,0.129449,-0.691356,1.507044,-0.010796,-0.005174,-0.076274,0.270000,-0.624000,2.500000,3.500000,-1.000000,2.000000,1.005113,1.000000,1.500000,3.000000,2.500000,3.000000
178,17.800000,0.144662,-0.686131,1.523209,0.152132,0.052255,0.161646,0.280000,-0.636000,2.500000,3.500000,-1.000000,2.000000,0.987396,1.000000,1.500000,3.000000,2.500000,3.000000
179,17.900000,0.143588,-0.686413,1.515987,-0.010746,-0.002819,-0.072224,0.290000,-0.648000,2.500000,3.500000,-1.000000,2.000000,0.995588,1.000000,1.500000,3.000000,2.500000,3.000000
180,18.000000,0.142381,-0.686617,1.508394,-0.012068,-0.002038,-0.075920,0.300000,-0.660000,2.500000,3.500000,-1.000000,2.000000,1.004407,1.000000,1.500000,3.000000,2.500000,3.000000
181,18.100000,0.155931,-0.677328,1.524317,0.135502,0.092889,0.159223,0.310000,-0.672000,2.500000,3.500000,-1.000000,2.000000,0.987787,1.000000,1.500000,3.000000,2.500000,3.000000
182,18.200000,0.154711,-0.677278,1.517061,-0.012202,0.000496,-0.072562,0.320000,-0.684000,2.500000,3.500000,-1.000000,2.000000,0.996763,1.000000,1.500000,3.000000,2.500000,3.000000
183,18.300000,0.153346,-0.677132,1.509406,-0.013651,0.001458,-0.076546,0.330000,-0.696000,2.500000,3.500000,-1.000000,2.000000,1.006399,1.000000,1.500000,3.000000,2.500000,3.000000
184,18.400000,0.163740,-0.665811,1.525545,0.103941,0.113212,0.161394,0.340000,-0.708000,2.500000,3.500000,-1.000000,2.000000,0.991166,1.000000,1.500000,3.000000,2.500000,3.000000
185,18.500000,0.162325,-0.665400,1.518143,-0.014149,0.004116,-0.074021,0.350000,-0.720000,2.500000,3.500000,-1.000000,2.000000,1.001122,1.000000,1.500000,3.000000,2.500000,3.000000
186,18.600000,0.177389,-0.655565,1.534414,0.150642,0.098345,0.162712,0.360000,-0.732000,2.500000,3.500000,-1.000000,2.000000,0.985670,1.000000,1.500000,3.000000,2.500000,3.000000
187,18.700000,0.175963,-0.654910,1.527264,-0.014263,0.006549,-0.071503,0.370000,-0.744000,2.500000,3.500000,-1.000000,2.000000,0.995893,1.000000,1.500000,3.000000,2.500000,3.000000
188,18.800000,0.174371,-0.654121,1.519674,-0.015921,0.007888,-0.075902,0.380000,-0.756000,2.500000,3.500000,-1.000000,2.000000,1.006828,1.000000,1.500000,3.000000,2.500000,3.000000
189,18.900000,0.181359,-0.633964,1.532706,0.069884,0.201574,0.130323,0.390000,-0.768000,2.500000,3.500000,-1.000000,2.000000,0.998576,1.000000,1.500000,3.000000,2.500000,3.000000
190,19.000000,0.196046,-0.621365,1.548535,0.146872,0.125992,0.158287,0.400000,-0.780000,2.500000,3.500000,-1.000000,2.000000,0.985925,1.000000,1.500000,3.000000,2.500000,3.000000
191,19.100000,0.194450,-0.620092,1.541436,-0.015964,0.012732,-0.070992,0.410000,-0.792000,2.500000,3.500000,-1.000000,2.000000,0.997427,1.000000,1.500000,3.000000,2.500000,3.000000
192,19.200000,0.212707,-0.614229,1.557477,0.182569,0.058623,0.160411,0.420000,-0.804000,2.500000,3.500000,-1.000000,2.000000,0.983531,1.000000,1.500000,3.000000,2.500000,3.000000
193,19.300000,0.211102,-0.612739,1.550515,-0.016049,0.014903,-0.069613,0.430000,-0.816000,2.500000,3.500000,-1.000000,2.000000,0.995365,1.000000,1.500000,3.000000,2.500000,3.000000
194,19.400000,0.231072,-0.603039,1.562010,0.199699,0.097001,0.114941,0.440000,-0.828000,2.500000,3.500000,-1.000000,2.000000,0.986957,1.000000,1.500000,3.000000,2.500000,3.000000
195,19.500000,0.229423,-0.601254,1.554944,-0.016492,0.017851,-0.070660,0.450000,-0.840000,2.500000,3.500000,-1.000000,2.000000,0.999393,1.000000,1.500000,3.000000,2.500000,3.000000
196,19.600000,0.248196,-0.595418,1.570387,0.187735,0.058363,0.154432,0.460000,-0.852000,2.500000,3.500000,-1.000000,2.000000,0.987358,1.000000,1.500000,3.000000,2.500000,3.000000
197,19.700000,0.246519,-0.593386,1.563355,-0.016777,0.020316,-0.070316,0.470000,-0.864000,2.500000,3.500000,-1.000000,2.000000,1.000240,1.000000,1.500000,3.000000,2.500000,3.000000
198,19.800000,0.261764,-0.581579,1.579266,0.152459,0.118072,0.159108,0.480000,-0.876000,2.500000,3.500000,-1.000000,2.000000,0.990990,1.000000,1.500000,3.000000,2.500000,3.000000
199,19.900000,0.260002,-0.579213,1.572157,-0.017622,0.023659,-0.071089,0.490000,-0.888000,2.500000,3.500000,-1.000000,2.000000,1.004560,1.000000,1.500000,3.000000,2.500000,3.000000
200,20.000000,0.275459,-0.567549,1.587970,0.154567,0.116635,0.158130,0.500000,-0.900000,2.500000,3.500000,-1.000000,2.000000,0.996364,1.000000,1.500000,3.000000,2.500000,3.000000
201,20.100000,0.290971,-0.556205,1.603960,0.155121,0.113447,0.159898,0.510000,-0.912000,2.500000,3.500000,-1.000000,2.000000,0.988662,1.000000,1.500000,3.000000,2.500000,3.000000
202,20.200000,0.289216,-0.553387,1.597095,-0.017547,0.028179,-0.068650,0.520000,-0.924000,2.500000,3.500000,-1.000000,2.000000,1.002922,1.000000,1.500000,3.000000,2.500000,3.000000
203,20.300000,0.304950,-0.542119,1.612921,0.157340,0.112676,0.158266,0.530000,-0.936000,2.500000,3.500000,-1.000000,2.000000,0.996342,1.000000,1.500000,3.000000,2.500000,3.000000
204,20.400000,0.320753,-0.531140,1.628882,0.158023,0.109793,0.159607,0.540000,-0.948000,2.500000,3.500000,-1.000000,2.000000,0.990297,1.000000,1.500000,3.000000,2.500000,3.000000
205,20.500000,0.318976,-0.527816,1.622130,-0.017769,0.033241,-0.067520,0.550000,-0.960000,2.500000,3.500000,-1.000000,2.000000,1.005391,1.000000,1.500000,3.000000,2.500000,3.000000
206,20.600000,0.335006,-0.516825,1.637855,0.160297,0.109904,0.157245,0.560000,-0.972000,2.500000,3.500000,-1.000000,2.000000,1.000550,1.000000,1.500000,3.000000,2.500000,3.000000
207,20.700000,0.351114,-0.506079,1.653667,0.161084,0.107460,0.158128,0.570000,-0.984000,2.500000,3.500000,-1.000000,2.000000,0.996292,1.000000,1.500000,3.000000,2.500000,3.000000
208,20.800000,0.367305,-0.495565,1.669551,0.161914,0.105143,0.158836,0.580000,-0.996000,2.500000,3.500000,-1.000000,2.000000,0.992633,1.000000,1.500000,3.000000,2.500000,3.000000
209,20.900000,0.383584,-0.485268,1.685488,0.162784,0.102972,0.159367,0.590000,-1.008000,2.500000,3.500000,-1.000000,2.000000,0.989589,1.000000,1.500000,3.000000,2.500000,3.000000
210,21.000000,0.381903,-0.481114,1.679161,-0.016811,0.041537,-0.063269,0.600000,-1.020000,2.500000,3.500000,-1.000000,2.000000,1.005853,1.000000,1.500000,3.000000,2.500000,3.000000
211,21.100000,0.398414,-0.470630,1.694732,0.165114,0.104840,0.155711,0.610000,-1.032000,2.500000,3.500000,-1.000000,2.000000,1.004172,1.000000,1.500000,3.000000,2.500000,3.000000
212,21.200000,0.415017,-0.460292,1.710303,0.166034,0.103379,0.155709,0.620000,-1.044000,2.500000,3.500000,-1.000000,2.000000,1.003172,1.000000,1.500000,3.000000,2.500000,3.000000
213,21.300000,0.431715,-0.450077,1.725853,0.166979,0.102157,0.155505,0.630000,-1.056000,2.500000,3.500000,-1.000000,2.000000,1.002877,1.000000,1.500000,3.000000,2.500000,3.000000
214,21.400000,0.448510,-0.439957,1.741362,0.167945,0.101199,0.155091,0.640000,-1.068000,2.500000,3.500000,-1.000000,2.000000,1.003313,1.000000,1.500000,3.000000,2.500000,3.000000
215,21.500000,0.465402,-0.429903,1.756808,0.168924,0.100536,0.154458,0.650000,-1.080000,2.500000,3.500000,-1.000000,2.000000,1.004508,1.000000,1.500000,3.000000,2.500000,3.000000
216,21.600000,0.482393,-0.419883,1.772168,0.169909,0.100198,0.153595,0.660000,-1.092000,2.500000,3.500000,-1.000000,2.000000,1.006491,1.000000,1.500000,3.000000,2.500000,3.000000
217,21.700000,0.499482,-0.409862,1.787417,0.170891,0.100216,0.152489,0.670000,-1.104000,2.500000,3.500000,-1.000000,2.000000,1.009296,1.000000,1.500000,3.000000,2.500000,3.000000
218,21.800000,0.516668,-0.399799,1.802529,0.171857,0.100625,0.151128,0.680000,-1.116000,2.500000,3.500000,-1.000000,2.000000,1.012959,1.000000,1.500000,3.000000,2.500000,3.000000
219,21.900000,0.533947,-0.389653,1.817479,0.172793,0.101459,0.149494,0.690000,-1.128000,2.500000,3.500000,-1.000000,2.000000,1.017518,1.000000,1.500000,3.000000,2.500000,3.000000
220,22.000000,0.551202,-0.379445,1.832140,0.172546,0.102081,0.146609,0.700000,-1.140000,2.500000,3.500000,-1.000000,2.000000,1.023045,1.000000,1.500000,3.000000,2.500000,3.000000
221,22.100000,0.568310,-0.369196,1.846389,0.171076,0.102497,0.142490,0.710000,-1.152000,2.500000,3.500000,-1.000000,2.000000,1.029595,1.000000,1.500000,3.000000,2.500000,3.000000
222,22.200000,0.585268,-0.358852,1.860208,0.169588,0.103440,0.138189,0.720000,-1.164000,2.500000,3.500000,-1.000000,2.000000,1.037184,1.000000,1.500000,3.000000,2.500000,3.000000
223,22.300000,0.602078,-0.348359,1.873581,0.168095,0.104924,0.133737,0.730000,-1.176000,2.500000,3.500000,-1.000000,2.000000,1.045827,1.000000,1.500000,3.000000,2.500000,3.000000
224,22.400000,0.618739,-0.337663,1.886498,0.166609,0.106957,0.129167,0.740000,-1.188000,2.500000,3.500000,-1.000000,2.000000,1.055538,1.000000,1.500000,3.000000,2.500000,3.000000
225,22.500000,0.635253,-0.326709,1.898949,0.165144,0.109540,0.124512,0.750000,-1.200000,2.500000,3.500000,-1.000000,2.000000,1.066333,1.000000,1.500000,3.000000,2.500000,3.000000
226,22.600000,0.651624,-0.315443,1.910930,0.163712,0.112667,0.119808,0.760000,-1.212000,2.500000,3.500000,-1.000000,2.000000,1.078222,1.000000,1.500000,3.000000,2.500000,3.000000
227,22.700000,0.667857,-0.303810,1.922439,0.162326,0.116323,0.115090,0.770000,-1.224000,2.500000,3.500000,-1.000000,2.000000,1.091219,1.000000,1.500000,3.000000,2.500000,3.000000
228,22.800000,0.683957,-0.291762,1.933479,0.160997,0.120481,0.110396,0.780000,-1.236000,2.500000,3.500000,-1.000000,2.000000,1.105330,1.000000,1.500000,3.000000,2.500000,3.000000
229,22.900000,0.699930,-0.279252,1.944055,0.159737,0.125102,0.105766,0.790000,-1.248000,2.500000,3.500000,-1.000000,2.000000,1.120562,1.000000,1.500000,3.000000,2.500000,3.000000
230,23.000000,0.715786,-0.266239,1.954180,0.158556,0.130132,0.101242,0.800000,-1.260000,2.500000,3.500000,-1.000000,2.000000,1.136914,1.000000,1.500000,3.000000,2.500000,3.000000
231,23.100000,0.731532,-0.252689,1.963866,0.157463,0.135502,0.096868,0.810000,-1.272000,2.500000,3.500000,-1.000000,2.000000,1.154380,1.000000,1.500000,3.000000,2.500000,3.000000
232,23.200000,0.747179,-0.238576,1.973135,0.156467,0.141124,0.092688,0.820000,-1.284000,2.500000,3.500000,-1.000000,2.000000,1.172945,1.000000,1.500000,3.000000,2.500000,3.000000
233,23.300000,0.762737,-0.223887,1.982010,0.155575,0.146895,0.088747,0.830000,-1.296000,2.500000,3.500000,-1.000000,2.000000,1.192588,1.000000,1.500000,3.000000,2.500000,3.000000
234,23.400000,0.778216,-0.208617,1.990519,0.154791,0.152696,0.085089,0.840000,-1.308000,2.500000,3.500000,-1.000000,2.000000,1.213273,1.000000,1.500000,3.000000,2.500000,3.000000
235,23.500000,0.793627,-0.192778,1.998694,0.154118,0.158393,0.081756,0.850000,-1.320000,2.500000,3.500000,-1.000000,2.000000,1.234956,1.000000,1.500000,3.000000,2.500000,3.000000
236,23.600000,0.808983,-0.176393,2.006572,0.153554,0.163849,0.078783,0.860000,-1.332000,2.500000,3.500000,-1.000000,2.000000,1.257578,1.000000,1.500000,3.000000,2.500000,3.000000
237,23.700000,0.824293,-0.159501,2.014192,0.153098,0.168923,0.076200,0.870000,-1.344000,2.500000,3.500000,-1.000000,2.000000,1.281069,1.000000,1.500000,3.000000,2.500000,3.000000
238,23.800000,0.839567,-0.142152,2.021595,0.152743,0.173484,0.074023,0.880000,-1.356000,2.500000,3.500000,-1.000000,2.000000,1.305348,1.000000,1.500000,3.000000,2.500000,3.000000
239,23.900000,0.854815,-0.124410,2.028821,0.152479,0.177419,0.072259,0.890000,-1.368000,2.500000,3.500000,-1.000000,2.000000,1.330325,1.000000,1.500000,3.000000,2.500000,3.000000
240,24.000000,0.870044,-0.106346,2.035910,0.152294,0.180642,0.070898,0.900000,-1.380000,2.500000,3.500000,-1.000000,2.000000,1.355902,1.000000,1.500000,3.000000,2.500000,3.000000
241,24.100000,0.885262,-0.088035,2.042902,0.152175,0.183107,0.069917,0.910000,-1.392000,2.500000,3.500000,-1.000000,2.000000,1.381982,1.000000,1.500000,3.000000,2.500000,3.000000
242,24.200000,0.900473,-0.069555,2.049830,0.152108,0.184807,0.069278,0.920000,-1.404000,2.500000,3.500000,-1.000000,2.000000,1.408467,1.000000,1.500000,3.000000,2.500000,3.000000
243,24.300000,0.915680,-0.050976,2.056723,0.152077,0.185782,0.068932,0.930000,-1.416000,2.500000,3.500000,-1.000000,2.000000,1.435266,1.000000,1.500000,3.000000,2.500000,3.000000
244,24.400000,0.930887,-0.032365,2.063605,0.152069,0.186113,0.068821,0.940000,-1.428000,2.500000,3.500000,-1.000000,2.000000,1.462300,1.000000,1.500000,3.000000,2.500000,3.000000
245,24.500000,0.946094,-0.013754,2.070487,0.152069,0.186115,0.068820,0.950000,-1.440000,2.500000,3.500000,-1.000000,2.000000,1.489522,1.000000,1.500000,3.000000,2.500000,3.000000
246,24.600000,0.961301,0.004858,2.077369,0.152069,0.186115,0.068820,0.960000,-1.452000,2.500000,3.500000,-1.000000,2.000000,1.516922,1.000000,1.500000,3.000000,2.500000,3.000000
247,24.700000,0.976508,0.023470,2.084251,0.152069,0.186115,0.068820,0.970000,-1.464000,2.500000,3.500000,-1.000000,2.000000,1.544492,1.000000,1.500000,3.000000,2.500000,3.000000
248,24.800000,0.991715,0.042081,2.091133,0.152069,0.186115,0.068820,0.980000,-1.476000,2.500000,3.500000,-1.000000,2.000000,1.572221,1.000000,1.500000,3.000000,2.500000,3.000000
249,24.900000,1.006922,0.060693,2.098015,0.152069,0.186115,0.068820,0.990000,-1.488000,2.500000,3.500000,-1.000000,2.000000,1.600102,1.000000,1.500000,3.000000,2.500000,3.000000
250,25.000000,1.022128,0.079304,2.104897,0.152069,0.186115,0.068820,1.000000,-1.500000,2.500000,3.500000,-1.000000,2.000000,1.628127,1.000000,1.500000,3.000000,2.500000,3.000000
251,25.100000,1.037335,0.097916,2.111779,0.152069,0.186115,0.068820,1.010000,-1.512000,2.500000,3.500000,-1.000000,2.000000,1.656288,1.000000,1.500000,3.000000,2.500000,3.000000
252,25.200000,1.052542,0.116527,2.118661,0.152069,0.186115,0.068820,1.020000,-1.524000,2.500000,3.500000,-1.000000,2.000000,1.684579,1.000000,1.500000,3.000000,2.500000,3.000000
253,25.300000,1.067749,0.135139,2.125543,0.152069,0.186115,0.068820,1.030000,-1.536000,2.500000,3.500000,-1.000000,2.000000,1.712994,1.000000,1.500000,3.000000,2.500000,3.000000
254,25.400000,1.082956,0.153750,2.132425,0.152069,0.186115,0.068820,1.040000,-1.548000,2.500000,3.500000,-1.000000,2.000000,1.741525,1.000000,1.500000,3.000000,2.500000,3.000000
255,25.500000,1.098163,0.172362,2.139307,0.152069,0.186115,0.068820,1.050000,-1.560000,2.500000,3.500000,-1.000000,2.000000,1.770168,1.000000,1.500000,3.000000,2.500000,3.000000
256,25.600000,1.113370,0.190973,2.146189,0.152069,0.186115,0.068820,1.060000,-1.572000,2.500000,3.500000,-1.000000,2.000000,1.798918,1.000000,1.500000,3.000000,2.500000,3.000000
257,25.700000,1.128577,0.209585,2.153071,0.152069,0.186115,0.068820,1.070000,-1.584000,2.500000,3.500000,-1.000000,2.000000,1.827768,1.000000,1.500000,3.000000,2.500000,3.000000
258,25.800000,1.143783,0.228196,2.159953,0.152069,0.186115,0.068820,1.080000,-1.596000,2.500000,3.500000,-1.000000,2.000000,1.856715,1.000000,1.500000,3.000000,2.500000,3.000000
259,25.900000,1.158990,0.246808,2.166835,0.152069,0.186115,0.068820,1.090000,-1.608000,2.500000,3.500000,-1.000000,2.000000,1.885755,1.000000,1.500000,3.000000,2.500000,3.000000
260,26.000000,1.174197,0.265419,2.173717,0.152069,0.186115,0.068820,1.100000,-1.620000,2.500000,3.500000,-1.000000,2.000000,1.914882,1.000000,1.500000,3.000000,2.500000,3.000000
261,26.100000,1.189404,0.284031,2.180599,0.152069,0.186115,0.068820,1.110000,-1.632000,2.500000,3.500000,-1.000000,2.000000,1.944093,1.000000,1.500000,3.000000,2.500000,3.000000
262,26.200000,1.204611,0.302642,2.187481,0.152069,0.186115,0.068820,1.120000,-1.644000,2.500000,3.500000,-1.000000,2.000000,1.973384,1.000000,1.500000,3.000000,2.500000,3.000000
263,26.300000,1.219818,0.321254,2.194363,0.152069,0.186115,0.068820,1.130000,-1.656000,2.500000,3.500000,-1.000000,2.000000,2.002752,1.000000,1.500000,3.000000,2.500000,3.000000
264,26.400000,1.235025,0.339866,2.201245,0.152069,0.186115,0.068820,1.140000,-1.668000,2.500000,3.500000,-1.000000,2.000000,2.032193,1.000000,1.500000,3.000000,2.500000,3.000000
265,26.500000,1.250232,0.358477,2.208127,0.152069,0.186115,0.068820,1.150000,-1.680000,2.500000,3.500000,-1.000000,2.000000,2.061704,1.000000,1.500000,3.000000,2.500000,3.000000
266,26.600000,1.265438,0.377089,2.215009,0.152069,0.186115,0.068820,1.160000,-1.692000,2.500000,3.500000,-1.000000,2.000000,2.091283,1.000000,1.500000,3.000000,2.500000,3.000000
267,26.700000,1.280645,0.395700,2.221891,0.152069,0.186115,0.068820,1.170000,-1.704000,2.500000,3.500000,-1.000000,2.000000,2.120926,1.000000,1.500000,3.000000,2.500000,3.000000
268,26.800000,1.295852,0.414312,2.228773,0.152069,0.186115,0.068820,1.180000,-1.716000,2.500000,3.500000,-1.000000,2.000000,2.150631,1.000000,1.500000,3.000000,2.500000,3.000000
269,26.900000,1.311059,0.432923,2.235655,0.152069,0.186115,0.068820,1.190000,-1.728000,2.500000,3.500000,-1.000000,2.000000,2.180395,1.000000,1.500000,3.000000,2.500000,3.000000
270,27.000000,1.326266,0.451535,2.242537,0.152069,0.186115,0.068820,1.200000,-1.740000,2.500000,3.500000,-1.000000,2.000000,2.210216,1.000000,1.500000,3.000000,2.500000,3.000000
271,27.100000,1.341473,0.470146,2.249419,0.152069,0.186115,0.068820,1.210000,-1.752000,2.500000,3.500000,-1.000000,2.000000,2.240091,1.000000,1.500000,3.000000,2.500000,3.000000
272,27.200000,1.356680,0.488758,2.256301,0.152069,0.186115,0.068820,1.220000,-1.764000,2.500000,3.500000,-1.000000,2.000000,2.270019,1.000000,1.500000,3.000000,2.500000,3.000000
273,27.300000,1.371887,0.507369,2.263183,0.152069,0.186115,0.068820,1.230000,-1.776000,2.500000,3.500000,-1.000000,2.000000,2.299998,1.000000,1.500000,3.000000,2.500000,3.000000
274,27.400000,1.387093,0.525981,2.270065,0.152069,0.186115,0.068820,1.240000,-1.788000,2.500000,3.500000,-1.000000,2.000000,2.330024,1.000000,1.500000,3.000000,2.500000,3.000000
275,27.500000,1.402300,0.544592,2.276947,0.152069,0.186115,0.068820,1.250000,-1.800000,2.500000,3.500000,-1.000000,2.000000,2.360098,1.000000,1.500000,3.000000,2.500000,3.000000
276,27.600000,1.417507,0.563204,2.283829,0.152069,0.186115,0.068820,1.260000,-1.812000,2.500000,3.500000,-1.000000,2.000000,2.390216,1.000000,1.500000,3.000000,2.500000,3.000000
277,27.700000,1.432714,0.581815,2.290711,0.152069,0.186115,0.068820,1.270000,-1.824000,2.500000,3.500000,-1.000000,2.000000,2.420377,1.000000,1.500000,3.000000,2.500000,3.000000
278,27.800000,1.447921,0.600427,2.297593,0.152069,0.186115,0.068820,1.280000,-1.836000,2.500000,3.500000,-1.000000,2.000000,2.450580,1.000000,1.500000,3.000000,2.500000,3.000000
279,27.900000,1.463128,0.619038,2.304475,0.152069,0.186115,0.068820,1.290000,-1.848000,2.500000,3.500000,-1.000000,2.000000,2.480823,1.000000,1.500000,3.000000,2.500000,3.000000
280,28.000000,1.478335,0.637650,2.311357,0.152069,0.186115,0.068820,1.300000,-1.860000,2.500000,3.500000,-1.000000,2.000000,2.511104,1.000000,1.500000,3.000000,2.500000,3.000000
281,28.100000,1.493542,0.656262,2.318239,0.152069,0.186115,0.068820,1.310000,-1.872000,2.500000,3.500000,-1.000000,2.000000,2.541423,1.000000,1.500000,3.000000,2.500000,3.000000
282,28.200000,1.508748,0.674873,2.325121,0.152069,0.186115,0.068820,1.320000,-1.884000,2.500000,3.500000,-1.000000,2.000000,2.571778,1.000000,1.500000,3.000000,2.500000,3.000000
283,28.300000,1.523955,0.693485,2.332003,0.152069,0.186115,0.068820,1.330000,-1.896000,2.500000,3.500000,-1.000000,2.000000,2.602167,1.000000,1.500000,3.000000,2.500000,3.000000
284,28.400000,1.539162,0.712096,2.338885,0.152069,0.186115,0.068820,1.340000,-1.908000,2.500000,3.500000,-1.000000,2.000000,2.625072,1.000000,1.500000,3.000000,2.500000,3.000000
285,28.500000,1.554369,0.730708,2.345767,0.152069,0.186115,0.068820,1.350000,-1.920000,2.500000,3.500000,-1.000000,2.000000,2.626858,1.000000,1.500000,3.000000,2.500000,3.000000
286,28.600000,1.569576,0.749319,2.352649,0.152069,0.186115,0.068820,1.360000,-1.932000,2.500000,3.500000,-1.000000,2.000000,2.628881,1.000000,1.500000,3.000000,2.500000,3.000000
287,28.700000,1.584783,0.767931,2.359531,0.152069,0.186115,0.068820,1.370000,-1.944000,2.500000,3.500000,-1.000000,2.000000,2.631140,1.000000,1.500000,3.000000,2.500000,3.000000
288,28.800000,1.599990,0.786542,2.366413,0.152069,0.186115,0.068820,1.380000,-1.956000,2.500000,3.500000,-1.000000,2.000000,2.633635,1.000000,1.500000,3.000000,2.500000,3.000000
289,28.900000,1.615196,0.805154,2.373295,0.152069,0.186115,0.068820,1.390000,-1.968000,2.500000,3.500000,-1.000000,2.000000,2.636364,1.000000,1.500000,3.000000,2.500000,3.000000
290,29.000000,1.630403,0.823765,2.380177,0.152069,0.186115,0.068820,1.400000,-1.980000,2.500000,3.500000,-1.000000,2.000000,2.639327,1.000000,1.500000,3.000000,2.500000,3.000000
291,29.100000,1.645610,0.842377,2.387059,0.152069,0.186115,0.068820,1.410000,-1.992000,2.500000,3.500000,-1.000000,2.000000,2.642523,1.000000,1.500000,3.000000,2.500000,3.000000
292,29.200000,1.660817,0.860988,2.393941,0.152069,0.186115,0.068820,1.420000,-2.004000,2.500000,3.500000,-1.000000,2.000000,2.645952,1.000000,1.500000,3.000000,2.500000,3.000000
293,29.300000,1.676024,0.879600,2.400823,0.152069,0.186115,0.068820,1.430000,-2.016000,2.500000,3.500000,-1.000000,2.000000,2.649612,1.000000,1.500000,3.000000,2.500000,3.000000
294,29.400000,1.691231,0.898211,2.407705,0.152069,0.186115,0.068820,1.440000,-2.028000,2.500000,3.500000,-1.000000,2.000000,2.653503,1.000000,1.500000,3.000000,2.500000,3.000000
295,29.500000,1.706438,0.916823,2.414587,0.152069,0.186115,0.068820,1.450000,-2.040000,2.500000,3.500000,-1.000000,2.000000,2.657623,1.000000,1.500000,3.000000,2.500000,3.000000
296,29.600000,1.721645,0.935434,2.421469,0.152069,0.186115,0.068820,1.460000,-2.052000,2.500000,3.500000,-1.000000,2.000000,2.661971,1.000000,1.500000,3.000000,2.500000,3.000000
297,29.700000,1.736851,0.954046,2.428351,0.152069,0.186115,0.068820,1.470000,-2.064000,2.500000,3.500000,-1.000000,2.000000,2.666547,1.000000,1.500000,3.000000,2.500000,3.000000
298,29.800000,1.752058,0.972658,2.435233,0.152069,0.186115,0.068820,1.480000,-2.076000,2.500000,3.500000,-1.000000,2.000000,2.671349,1.000000,1.500000,3.000000,2.500000,3.000000
299,29.900000,1.767265,0.991269,2.442115,0.152069,0.186115,0.068820,1.490000,-2.088000,2.500000,3.500000,-1.000000,2.000000,2.676376,1.000000,1.500000,3.000000,2.500000,3.000000
300,30.000000,1.782472,1.009881,2.448997,0.152069,0.186115,0.068820,1.500000,-2.100000,2.500000,3.500000,-1.000000,2.000000,2.681627,1.000000,1.500000,3.000000,2.500000,3.000000
301,30.100000,1.797679,1.028492,2.455879,0.152069,0.186115,0.068820,1.510000,-2.112000,2.500000,3.500000,-1.000000,2.000000,2.687099,1.000000,1.500000,3.000000,2.500000,3.000000
302,30.200000,1.812886,1.047104,2.462761,0.152069,0.186115,0.068820,1.520000,-2.124000,2.500000,3.500000,-1.000000,2.000000,2.692793,1.000000,1.500000,3.000000,2.500000,3.000000
303,30.300000,1.828093,1.065715,2.469643,0.152069,0.186115,0.068820,1.530000,-2.136000,2.500000,3.500000,-1.000000,2.000000,2.698707,1.000000,1.500000,3.000000,2.500000,3.000000
304,30.400000,1.843300,1.084327,2.476525,0.152069,0.186115,0.068820,1.540000,-2.148000,2.500000,3.500000,-1.000000,2.000000,2.704838,1.000000,1.500000,3.000000,2.500000,3.000000
305,30.500000,1.858506,1.102938,2.483407,0.152069,0.186115,0.068820,1.550000,-2.160000,2.500000,3.500000,-1.000000,2.000000,2.711187,1.000000,1.500000,3.000000,2.500000,3.000000
306,30.600000,1.873713,1.121550,2.490289,0.152069,0.186115,0.068820,1.560000,-2.172000,2.500000,3.500000,-1.000000,2.000000,2.717750,1.000000,1.500000,3.000000,2.500000,3.000000
307,30.700000,1.888920,1.140161,2.497171,0.152069,0.186115,0.068820,1.570000,-2.184000,2.500000,3.500000,-1.000000,2.000000,2.724527,1.000000,1.500000,3.000000,2.500000,3.000000
308,30.800000,1.904127,1.158773,2.504053,0.152069,0.186115,0.068820,1.580000,-2.196000,2.500000,3.500000,-1.000000,2.000000,2.731516,1.000000,1.500000,3.000000,2.500000,3.000000
309,30.900000,1.919334,1.177384,2.510935,0.152069,0.186115,0.068820,1.590000,-2.208000,2.500000,3.500000,-1.000000,2.000000,2.738716,1.000000,1.500000,3.000000,2.500000,3.000000
310,31.000000,1.934541,1.195996,2.517817,0.152069,0.186115,0.068820,1.600000,-2.220000,2.500000,3.500000,-1.000000,2.000000,2.746124,1.000000,1.500000,3.000000,2.500000,3.000000
311,31.100000,1.949748,1.214607,2.524699,0.152069,0.186115,0.068820,1.610000,-2.232000,2.500000,3.500000,-1.000000,2.000000,2.753739,1.000000,1.500000,3.000000,2.500000,3.000000
312,31.200000,1.964955,1.233219,2.531581,0.152069,0.186115,0.068820,1.620000,-2.244000,2.500000,3.500000,-1.000000,2.000000,2.761559,1.000000,1.500000,3.000000,2.500000,3.000000
313,31.300000,1.980161,1.251831,2.538463,0.152069,0.186115,0.068820,1.630000,-2.256000,2.500000,3.500000,-1.000000,2.000000,2.769583,1.000000,1.500000,3.000000,2.500000,3.000000
314,31.400000,1.995368,1.270442,2.545345,0.152069,0.186115,0.068820,1.640000,-2.268000,2.500000,3.500000,-1.000000,2.000000,2.777809,1.000000,1.500000,3.000000,2.500000,3.000000
315,31.500000,2.010575,1.289054,2.552227,0.152069,0.186115,0.068820,1.650000,-2.280000,2.500000,3.500000,-1.000000,2.000000,2.786235,1.000000,1.500000,3.000000,2.500000,3.000000
316,31.600000,2.025782,1.307665,2.559109,0.152069,0.186115,0.068820,1.660000,-2.292000,2.500000,3.500000,-1.000000,2.000000,2.794860,1.000000,1.500000,3.000000,2.500000,3.000000
317,31.700000,2.040989,1.326277,2.565991,0.152069,0.186115,0.068820,1.670000,-2.304000,2.500000,3.500000,-1.000000,2.000000,2.803680,1.000000,1.500000,3.000000,2.500000,3.000000
318,31.800000,2.056196,1.344888,2.572873,0.152069,0.186115,0.068820,1.680000,-2.316000,2.500000,3.500000,-1.000000,2.000000,2.812695,1.000000,1.500000,3.000000,2.500000,3.000000
319,31.900000,2.071403,1.363500,2.579755,0.152069,0.186115,0.068820,1.690000,-2.328000,2.500000,3.500000,-1.000000,2.000000,2.821903,1.000000,1.500000,3.000000,2.500000,3.000000
320,32.000000,2.086610,1.382111,2.586637,0.152069,0.186115,0.068820,1.700000,-2.340000,2.500000,3.500000,-1.000000,2.000000,2.831302,1.000000,1.500000,3.000000,2.500000,3.000000
321,32.100000,2.101816,1.400723,2.593519,0.152069,0.186115,0.068820,1.710000,-2.352000,2.500000,3.500000,-1.000000,2.000000,2.840889,1.000000,1.500000,3.000000,2.500000,3.000000
322,32.200000,2.117023,1.419334,2.600401,0.152069,0.186115,0.068820,1.720000,-2.364000,2.500000,3.500000,-1.000000,2.000000,2.850664,1.000000,1.500000,3.000000,2.500000,3.000000
323,32.300000,2.132230,1.437946,2.607283,0.152069,0.186115,0.068820,1.730000,-2.376000,2.500000,3.500000,-1.000000,2.000000,2.860624,1.000000,1.500000,3.000000,2.500000,3.000000
324,32.400000,2.147437,1.456557,2.614165,0.152069,0.186115,0.068820,1.740000,-2.388000,2.500000,3.500000,-1.000000,2.000000,2.870766,1.000000,1.500000,3.000000,2.500000,3.000000
325,32.500000,2.162644,1.475169,2.621047,0.152069,0.186115,0.068820,1.750000,-2.400000,2.500000,3.500000,-1.000000,2.000000,2.881090,1.000000,1.500000,3.000000,2.500000,3.000000
326,32.600000,2.177851,1.493780,2.627929,0.152069,0.186115,0.068820,1.760000,-2.412000,2.500000,3.500000,-1.000000,2.000000,2.891594,1.000000,1.500000,3.000000,2.500000,3.000000
327,32.700000,2.193058,1.512392,2.634811,0.152069,0.186115,0.068820,1.770000,-2.424000,2.500000,3.500000,-1.000000,2.000000,2.902274,1.000000,1.500000,3.000000,2.500000,3.000000
328,32.800000,2.208265,1.531003,2.641693,0.152069,0.186115,0.068820,1.780000,-2.436000,2.500000,3.500000,-1.000000,2.000000,2.913130,1.000000,1.500000,3.000000,2.500000,3.000000
329,32.900000,2.223471,1.549615,2.648575,0.152069,0.186115,0.068820,1.790000,-2.448000,2.500000,3.500000,-1.000000,2.000000,2.924160,1.000000,1.500000,3.000000,2.500000,3.000000
330,33.000000,2.238678,1.568227,2.655457,0.152069,0.186115,0.068820,1.800000,-2.460000,2.500000,3.500000,-1.000000,2.000000,2.935361,1.000000,1.500000,3.000000,2.500000,3.000000
331,33.100000,2.253885,1.586838,2.662339,0.152069,0.186115,0.068820,1.810000,-2.472000,2.500000,3.500000,-1.000000,2.000000,2.946732,1.000000,1.500000,3.000000,2.500000,3.000000
332,33.200000,2.269092,1.605450,2.669221,0.152069,0.186115,0.068820,1.820000,-2.484000,2.500000,3.500000,-1.000000,2.000000,2.958270,1.000000,1.500000,3.000000,2.500000,3.000000
333,33.300000,2.284299,1.624061,2.676103,0.152069,0.186115,0.068820,1.830000,-2.496000,2.500000,3.500000,-1.000000,2.000000,2.969973,1.000000,1.500000,3.000000,2.500000,3.000000
334,33.400000,2.299506,1.642673,2.682985,0.152069,0.186115,0.068820,1.840000,-2.508000,2.500000,3.500000,-1.000000,2.000000,2.981841,1.000000,1.500000,3.000000,2.500000,3.000000
335,33.500000,2.314713,1.661284,2.689867,0.152069,0.186115,0.068820,1.850000,-2.520000,2.500000,3.500000,-1.000000,2.000000,2.993870,1.000000,1.500000,3.000000,2.500000,3.000000
336,33.600000,2.329920,1.679896,2.696749,0.152069,0.186115,0.068820,1.860000,-2.532000,2.500000,3.500000,-1.000000,2.000000,3.006059,1.000000,1.500000,3.000000,2.500000,3.000000
337,33.700000,2.345126,1.698507,2.703631,0.152069,0.186115,0.068820,1.870000,-2.544000,2.500000,3.500000,-1.000000,2.000000,3.018405,1.000000,1.500000,3.000000,2.500000,3.000000
338,33.800000,2.360333,1.717119,2.710513,0.152069,0.186115,0.068820,1.880000,-2.556000,2.500000,3.500000,-1.000000,2.000000,3.030908,1.000000,1.500000,3.000000,2.500000,3.000000
339,33.900000,2.375540,1.735730,2.717395,0.152069,0.186115,0.068820,1.890000,-2.568000,2.500000,3.500000,-1.000000,2.000000,3.043565,1.000000,1.500000,3.000000,2.500000,3.000000
340,34.000000,2.390747,1.754342,2.724277,0.152069,0.186115,0.068820,1.900000,-2.580000,2.500000,3.500000,-1.000000,2.000000,3.056373,1.000000,1.500000,3.000000,2.500000,3.000000
341,34.100000,2.405954,1.772953,2.731159,0.152069,0.186115,0.068820,1.910000,-2.592000,2.500000,3.500000,-1.000000,2.000000,3.069332,1.000000,1.500000,3.000000,2.500000,3.000000
342,34.200000,2.421161,1.791565,2.738041,0.152069,0.186115,0.068820,1.920000,-2.604000,2.500000,3.500000,-1.000000,2.000000,3.082440,1.000000,1.500000,3.000000,2.500000,3.000000
343,34.300000,2.436368,1.810176,2.744923,0.152069,0.186115,0.068820,1.930000,-2.616000,2.500000,3.500000,-1.000000,2.000000,3.095693,1.000000,1.500000,3.000000,2.500000,3.000000
344,34.400000,2.451575,1.828788,2.751805,0.152069,0.186115,0.068820,1.940000,-2.628000,2.500000,3.500000,-1.000000,2.000000,3.109091,1.000000,1.500000,3.000000,2.500000,3.000000
345,34.500000,2.466781,1.847399,2.758687,0.152069,0.186115,0.068820,1.950000,-2.640000,2.500000,3.500000,-1.000000,2.000000,3.122632,1.000000,1.500000,3.000000,2.500000,3.000000
346,34.600000,2.481988,1.866011,2.765569,0.152069,0.186115,0.068820,1.960000,-2.652000,2.500000,3.500000,-1.000000,2.000000,3.136314,1.000000,1.500000,3.000000,2.500000,3.000000
347,34.700000,2.497195,1.884623,2.772451,0.152069,0.186115,0.068820,1.970000,-2.664000,2.500000,3.500000,-1.000000,2.000000,3.150134,1.000000,1.500000,3.000000,2.500000,3.000000
348,34.800000,2.512402,1.903234,2.779333,0.152069,0.186115,0.068820,1.980000,-2.676000,2.500000,3.500000,-1.000000,2.000000,3.164092,1.000000,1.500000,3.000000,2.500000,3.000000
349,34.900000,2.527609,1.921846,2.786215,0.152069,0.186115,0.068820,1.990000,-2.688000,2.500000,3.500000,-1.000000,2.000000,3.178185,1.000000,1.500000,3.000000,2.500000,3.000000
350,35.000000,2.542816,1.940457,2.793097,0.152069,0.186115,0.068820,2.000000,-2.700000,2.500000,3.500000,-1.000000,2.000000,3.192412,1.000000,1.500000,3.000000,2.500000,3.000000
351,35.100000,2.558023,1.959069,2.799979,0.152069,0.186115,0.068820,2.010000,-2.712000,2.500000,3.500000,-1.000000,2.000000,3.206770,1.000000,1.500000,3.000000,2.500000,3.000000
352,35.200000,2.573230,1.977680,2.806861,0.152069,0.186115,0.068820,2.020000,-2.724000,2.500000,3.500000,-1.000000,2.000000,3.221259,1.000000,1.500000,3.000000,2.500000,3.000000
353,35.300000,2.588436,1.996292,2.813743,0.152069,0.186115,0.068820,2.030000,-2.736000,2.500000,3.500000,-1.000000,2.000000,3.235876,1.000000,1.500000,3.000000,2.500000,3.000000
354,35.400000,2.603643,2.014903,2.820625,0.152069,0.186115,0.068820,2.040000,-2.748000,2.500000,3.500000,-1.000000,2.000000,3.250619,1.000000,1.500000,3.000000,2.500000,3.000000
355,35.500000,2.618850,2.033515,2.827507,0.152069,0.186115,0.068820,2.050000,-2.760000,2.500000,3.500000,-1.000000,2.000000,3.265487,1.000000,1.500000,3.000000,2.500000,3.000000
356,35.600000,2.634057,2.052126,2.834389,0.152069,0.186115,0.068820,2.060000,-2.772000,2.500000,3.500000,-1.000000,2.000000,3.280478,1.000000,1.500000,3.000000,2.500000,3.000000
357,35.700000,2.649264,2.070738,2.841271,0.152069,0.186115,0.068820,2.070000,-2.784000,2.500000,3.500000,-1.000000,2.000000,3.295591,1.000000,1.500000,3.000000,2.500000,3.000000
358,35.800000,2.664471,2.089349,2.848153,0.152069,0.186115,0.068820,2.080000,-2.796000,2.500000,3.500000,-1.000000,2.000000,3.310824,1.000000,1.500000,3.000000,2.500000,3.000000
359,35.900000,2.679678,2.107961,2.855035,0.152069,0.186115,0.068820,2.090000,-2.808000,2.500000,3.500000,-1.000000,2.000000,3.326174,1.000000,1.500000,3.000000,2.500000,3.000000
360,36.000000,2.694885,2.126572,2.861917,0.152069,0.186115,0.068820,2.100000,-2.820000,2.500000,3.500000,-1.000000,2.000000,3.341641,1.000000,1.500000,3.000000,2.500000,3.000000
361,36.100000,2.710091,2.145184,2.868799,0.152069,0.186115,0.068820,2.110000,-2.832000,2.500000,3.500000,-1.000000,2.000000,3.357224,1.000000,1.500000,3.000000,2.500000,3.000000
362,36.200000,2.725298,2.163795,2.875681,0.152069,0.186115,0.068820,2.120000,-2.844000,2.500000,3.500000,-1.000000,2.000000,3.372919,1.000000,1.500000,3.000000,2.500000,3.000000
363,36.300000,2.740505,2.182407,2.882563,0.152069,0.186115,0.068820,2.130000,-2.856000,2.500000,3.500000,-1.000000,2.000000,3.388726,1.000000,1.500000,3.000000,2.500000,3.000000
364,36.400000,2.755712,2.201019,2.889445,0.152069,0.186115,0.068820,2.140000,-2.868000,2.500000,3.500000,-1.000000,2.000000,3.404644,1.000000,1.500000,3.000000,2.500000,3.000000
365,36.500000,2.770919,2.219630,2.896327,0.152069,0.186115,0.068820,2.150000,-2.880000,2.500000,3.500000,-1.000000,2.000000,3.420670,1.000000,1.500000,3.000000,2.500000,3.000000
366,36.600000,2.786126,2.238242,2.903209,0.152069,0.186115,0.068820,2.160000,-2.892000,2.500000,3.500000,-1.000000,2.000000,3.436803,1.000000,1.500000,3.000000,2.500000,3.000000
367,36.700000,2.801333,2.256853,2.910091,0.152069,0.186115,0.068820,2.170000,-2.904000,2.500000,3.500000,-1.000000,2.000000,3.453041,1.000000,1.500000,3.000000,2.500000,3.000000
368,36.800000,2.816540,2.275465,2.916973,0.152069,0.186115,0.068820,2.180000,-2.916000,2.500000,3.500000,-1.000000,2.000000,3.469384,1.000000,1.500000,3.000000,2.500000,3.000000
369,36.900000,2.831746,2.294076,2.923855,0.152069,0.186115,0.068820,2.190000,-2.928000,2.500000,3.500000,-1.000000,2.000000,3.485830,1.000000,1.500000,3.000000,2.500000,3.000000
370,37.000000,2.846953,2.312688,2.930737,0.152069,0.186115,0.068820,2.200000,-2.940000,2.500000,3.500000,-1.000000,2.000000,3.502377,1.000000,1.500000,3.000000,2.500000,3.000000
371,37.100000,2.862160,2.331299,2.937619,0.152069,0.186115,0.068820,2.210000,-2.952000,2.500000,3.500000,-1.000000,2.000000,3.519023,1.000000,1.500000,3.000000,2.500000,3.000000
